<?xml version="1.0" encoding="utf-8"?>
<!DOCTYPE install PUBLIC "-//Joomla! 1.5//DTD template 1.0//EN" "http://www.joomla.org/xml/dtd/1.5/template-install.dtd">
<install version="1.5" type="template">
	<name>pest_template</name>
	<creationDate></creationDate>
	<author></author>
	<authorEmail></authorEmail>
	<authorUrl></authorUrl>
	<copyright></copyright>
	<license>GNU/GPL</license>
	<version>1.0.2</version>
	<description>PEST_TEMPLATE</description>
	<files>
		<filename>index.php</filename>
		<filename>templateDetails.xml</filename>
		<filename>template_thumbnail.png</filename>
		<filename>params.ini</filename>
		<filename>css/index.html</filename>
		<filename>css/template.css</filename>
		<filename>css/template_rtl.css</filename>
		<filename>css/ieonly.css</filename>
		<filename>css/style.css</filename>
		
		
	</files>
	<positions>
		<position>breadcrumb</position>
		<position>left</position>
		<position>right</position>
		<position>top</position>
		<position>user1</position>
		<position>user2</position>
		<position>user3</position>
		<position>user4</position>
		<position>footer</position>
		<position>debug</position>
		<position>syndicate</position>
		<position>topheader</position>
		<position>bottomheader</position>
		<position>topcontent</position>
		
		<position>rightsidebar</position>
		<position>bottompanel1</position>
		<position>bottompanel2</position>
		<position>lFooter</position>
		<position>rFooter</position>
		<position>cFooter</position>
		
	</positions>
	<params>
		<param name="colorVariation" type="list" default="white" label="Color Variation" description="Color variation to use">
			<option value="blue">Blue</option>
			<option value="red">Red</option>
			<option value="green">Green</option>
			<option value="orange">Orange</option>
			<option value="black">Black</option>
			<option value="white">White</option>
		</param>
		<param name="backgroundVariation" type="list" default="blue" label="Background Variation" description="Background color variation to use">
			<option value="blue">Blue</option>
			<option value="red">Red</option>
			<option value="green">Green</option>
			<option value="orange">Orange</option>
			<option value="black">Black</option>
			<option value="white">White</option>
		</param>
		<param name="widthStyle" type="list" default="fmax" label="Template Width" description="Width style of the template">
			<option value="fmax">Fluid with maximum</option>
			<option value="medium">Medium</option>
			<option value="small">Small</option>
			<option value="fluid">Fluid</option>
		</param>
	</params>
</install>
